FileName1,NumberOfNucleotides1,NumberOfWeakBonds1,IsPseudoknotted1,TimeToGenerateStructuralRNATree1[ns],FileName2,NumberOfNucleotides2,NumberOfWeakBonds2,IsPseudoknotted2,TimeToGenerateStructuralRNATree2[ns],MaxNumberOfNucleotides1-2,ASPRADistance,TimeToCalculateASPRADistance[ns]
"ASE_00001.txt",262,75,Yes,5980315,"ASE_00002.txt",267,73,Yes,1076137,267,400.0,669056806
"ASE_00001.txt",262,75,Yes,5980315,"ASE_00003.txt",294,85,Yes,4270506,294,6614.0,501827443
"ASE_00001.txt",262,75,Yes,5980315,"ASE_00004.txt",310,97,Yes,977255,310,9325.0,420560515
"ASE_00001.txt",262,75,Yes,5980315,"ASE_00005.txt",341,117,Yes,763151,341,12014.0,531377295
"ASE_00001.txt",262,75,Yes,5980315,"ASE_00006.txt",309,93,Yes,557080,309,9225.0,359217264
"ASE_00001.txt",262,75,Yes,5980315,"ASE_00007.txt",346,110,Yes,5535412,346,11614.0,484502623
"ASE_00001.txt",262,75,Yes,5980315,"ASE_00008.txt",344,110,Yes,7503952,344,11614.0,658292815
"ASE_00001.txt",262,75,Yes,5980315,"ASE_00009.txt",229,67,Yes,265758,262,4008.0,126305887
"ASE_00001.txt",262,75,Yes,5980315,"ASE_00010.txt",316,82,Yes,352808,316,13000.0,143567391
"ASE_00001.txt",262,75,Yes,5980315,"ASE_00011.txt",294,85,Yes,231920,294,6614.0,162288127
"ASE_00001.txt",262,75,Yes,5980315,"ASE_00012.txt",385,123,Yes,320201,385,13029.0,185362472
"ASE_00001.txt",262,75,Yes,5980315,"ASE_00013.txt",294,85,Yes,130920,294,6614.0,123212088
"ASE_00001.txt",262,75,Yes,5980315,"ASE_00014.txt",330,106,Yes,247389,330,6214.0,287065978
"ASE_00001.txt",262,75,Yes,5980315,"ASE_00015.txt",294,85,Yes,219466,294,6614.0,129667501
"ASE_00001.txt",262,75,Yes,5980315,"ASE_00016.txt",364,61,Yes,133381,364,13400.0,94931996
"ASE_00001.txt",262,75,Yes,5980315,"ASE_00017.txt",320,64,Yes,203989,320,9804.0,95517650
"ASE_00001.txt",262,75,Yes,5980315,"ASE_00018.txt",402,134,Yes,448685,402,16426.0,221128767
"ASE_00001.txt",262,75,Yes,5980315,"ASE_00019.txt",294,85,Yes,145979,294,6614.0,125852993
"ASE_00001.txt",262,75,Yes,5980315,"ASE_00020.txt",385,126,Yes,244332,385,10326.0,233524856
"ASE_00002.txt",267,73,Yes,1076137,"ASE_00003.txt",294,85,Yes,4270506,294,6613.0,129990016
"ASE_00002.txt",267,73,Yes,1076137,"ASE_00004.txt",310,97,Yes,977255,310,8925.0,136968271
"ASE_00002.txt",267,73,Yes,1076137,"ASE_00005.txt",341,117,Yes,763151,341,12013.0,198126225
"ASE_00002.txt",267,73,Yes,1076137,"ASE_00006.txt",309,93,Yes,557080,309,8825.0,132176666
"ASE_00002.txt",267,73,Yes,1076137,"ASE_00007.txt",346,110,Yes,5535412,346,11613.0,149723575
"ASE_00002.txt",267,73,Yes,1076137,"ASE_00008.txt",344,110,Yes,7503952,344,11613.0,175996285
"ASE_00002.txt",267,73,Yes,1076137,"ASE_00009.txt",229,67,Yes,265758,267,3608.0,91418965
"ASE_00002.txt",267,73,Yes,1076137,"ASE_00010.txt",316,82,Yes,352808,316,12600.0,118610897
"ASE_00002.txt",267,73,Yes,1076137,"ASE_00011.txt",294,85,Yes,231920,294,6613.0,117922845
"ASE_00002.txt",267,73,Yes,1076137,"ASE_00012.txt",385,123,Yes,320201,385,13027.0,185357862
"ASE_00002.txt",267,73,Yes,1076137,"ASE_00013.txt",294,85,Yes,130920,294,6613.0,118549362
"ASE_00002.txt",267,73,Yes,1076137,"ASE_00014.txt",330,106,Yes,247389,330,6613.0,150754933
"ASE_00002.txt",267,73,Yes,1076137,"ASE_00015.txt",294,85,Yes,219466,294,6613.0,130992783
"ASE_00002.txt",267,73,Yes,1076137,"ASE_00016.txt",364,61,Yes,133381,364,13000.0,83241535
"ASE_00002.txt",267,73,Yes,1076137,"ASE_00017.txt",320,64,Yes,203989,320,9404.0,92527387
"ASE_00002.txt",267,73,Yes,1076137,"ASE_00018.txt",402,134,Yes,448685,402,16424.0,209703889
"ASE_00002.txt",267,73,Yes,1076137,"ASE_00019.txt",294,85,Yes,145979,294,6613.0,127981796
"ASE_00002.txt",267,73,Yes,1076137,"ASE_00020.txt",385,126,Yes,244332,385,10627.0,233959413
"ASE_00003.txt",294,85,Yes,4270506,"ASE_00004.txt",310,97,Yes,977255,310,6612.0,172228455
"ASE_00003.txt",294,85,Yes,4270506,"ASE_00005.txt",341,117,Yes,763151,341,11800.0,200021584
"ASE_00003.txt",294,85,Yes,4270506,"ASE_00006.txt",309,93,Yes,557080,309,6112.0,169876875
"ASE_00003.txt",294,85,Yes,4270506,"ASE_00007.txt",346,110,Yes,5535412,346,5000.0,179941625
"ASE_00003.txt",294,85,Yes,4270506,"ASE_00008.txt",344,110,Yes,7503952,344,5000.0,183322930
"ASE_00003.txt",294,85,Yes,4270506,"ASE_00009.txt",229,67,Yes,265758,294,8616.0,114097695
"ASE_00003.txt",294,85,Yes,4270506,"ASE_00010.txt",316,82,Yes,352808,316,11400.0,133781227
"ASE_00003.txt",294,85,Yes,4270506,"ASE_00011.txt",294,85,Yes,231920,294,0.0,137342495
"ASE_00003.txt",294,85,Yes,4270506,"ASE_00012.txt",385,123,Yes,320201,385,7740.0,215470745
"ASE_00003.txt",294,85,Yes,4270506,"ASE_00013.txt",294,85,Yes,130920,294,0.0,144154977
"ASE_00003.txt",294,85,Yes,4270506,"ASE_00014.txt",330,106,Yes,247389,330,12426.0,195927068
"ASE_00003.txt",294,85,Yes,4270506,"ASE_00015.txt",294,85,Yes,219466,294,0.0,140411109
"ASE_00003.txt",294,85,Yes,4270506,"ASE_00016.txt",364,61,Yes,133381,364,12700.0,95385619
"ASE_00003.txt",294,85,Yes,4270506,"ASE_00017.txt",320,64,Yes,203989,320,9600.0,108246099
"ASE_00003.txt",294,85,Yes,4270506,"ASE_00018.txt",402,134,Yes,448685,402,9836.0,232161096
"ASE_00003.txt",294,85,Yes,4270506,"ASE_00019.txt",294,85,Yes,145979,294,0.0,138162619
"ASE_00003.txt",294,85,Yes,4270506,"ASE_00020.txt",385,126,Yes,244332,385,8340.0,220202404
"ASE_00004.txt",310,97,Yes,977255,"ASE_00005.txt",341,117,Yes,763151,341,14512.0,219686821
"ASE_00004.txt",310,97,Yes,977255,"ASE_00006.txt",309,93,Yes,557080,310,2800.0,187499814
"ASE_00004.txt",310,97,Yes,977255,"ASE_00007.txt",346,110,Yes,5535412,346,11512.0,202257422
"ASE_00004.txt",310,97,Yes,977255,"ASE_00008.txt",344,110,Yes,7503952,344,11512.0,225283662
"ASE_00004.txt",310,97,Yes,977255,"ASE_00009.txt",229,67,Yes,265758,310,10516.0,121357297
"ASE_00004.txt",310,97,Yes,977255,"ASE_00010.txt",316,82,Yes,352808,316,13200.0,149531971
"ASE_00004.txt",310,97,Yes,977255,"ASE_00011.txt",294,85,Yes,231920,310,6612.0,175484123
"ASE_00004.txt",310,97,Yes,977255,"ASE_00012.txt",385,123,Yes,320201,385,10552.0,224450990
"ASE_00004.txt",310,97,Yes,977255,"ASE_00013.txt",294,85,Yes,130920,310,6612.0,175098757
"ASE_00004.txt",310,97,Yes,977255,"ASE_00014.txt",330,106,Yes,247389,330,15436.0,196360090
"ASE_00004.txt",310,97,Yes,977255,"ASE_00015.txt",294,85,Yes,219466,310,6612.0,155026964
"ASE_00004.txt",310,97,Yes,977255,"ASE_00016.txt",364,61,Yes,133381,364,12400.0,115752924
"ASE_00004.txt",310,97,Yes,977255,"ASE_00017.txt",320,64,Yes,203989,320,10300.0,132203565
"ASE_00004.txt",310,97,Yes,977255,"ASE_00018.txt",402,134,Yes,448685,402,11445.0,278418985
"ASE_00004.txt",310,97,Yes,977255,"ASE_00019.txt",294,85,Yes,145979,310,6612.0,153912898
"ASE_00004.txt",310,97,Yes,977255,"ASE_00020.txt",385,126,Yes,244332,385,8352.0,238526351
"ASE_00005.txt",341,117,Yes,763151,"ASE_00006.txt",309,93,Yes,557080,341,15636.0,210035878
"ASE_00005.txt",341,117,Yes,763151,"ASE_00007.txt",346,110,Yes,5535412,346,6800.0,289174205
"ASE_00005.txt",341,117,Yes,763151,"ASE_00008.txt",344,110,Yes,7503952,344,6800.0,273334541
"ASE_00005.txt",341,117,Yes,763151,"ASE_00009.txt",229,67,Yes,265758,341,11808.0,163837127
"ASE_00005.txt",341,117,Yes,763151,"ASE_00010.txt",316,82,Yes,352808,341,16400.0,180707049
"ASE_00005.txt",341,117,Yes,763151,"ASE_00011.txt",294,85,Yes,231920,341,11800.0,192972811
"ASE_00005.txt",341,117,Yes,763151,"ASE_00012.txt",385,123,Yes,320201,385,4640.0,275089434
"ASE_00005.txt",341,117,Yes,763151,"ASE_00013.txt",294,85,Yes,130920,341,11800.0,208684150
"ASE_00005.txt",341,117,Yes,763151,"ASE_00014.txt",330,106,Yes,247389,341,7432.0,237189221
"ASE_00005.txt",341,117,Yes,763151,"ASE_00015.txt",294,85,Yes,219466,341,11800.0,204774540
"ASE_00005.txt",341,117,Yes,763151,"ASE_00016.txt",364,61,Yes,133381,364,16400.0,133565381
"ASE_00005.txt",341,117,Yes,763151,"ASE_00017.txt",320,64,Yes,203989,341,11424.0,143151509
"ASE_00005.txt",341,117,Yes,763151,"ASE_00018.txt",402,134,Yes,448685,402,6436.0,308159904
"ASE_00005.txt",341,117,Yes,763151,"ASE_00019.txt",294,85,Yes,145979,341,11800.0,215042050
"ASE_00005.txt",341,117,Yes,763151,"ASE_00020.txt",385,126,Yes,244332,385,15140.0,276342962
"ASE_00006.txt",309,93,Yes,557080,"ASE_00007.txt",346,110,Yes,5535412,346,11112.0,205423224
"ASE_00006.txt",309,93,Yes,557080,"ASE_00008.txt",344,110,Yes,7503952,344,11112.0,192524061
"ASE_00006.txt",309,93,Yes,557080,"ASE_00009.txt",229,67,Yes,265758,309,10016.0,138398429
"ASE_00006.txt",309,93,Yes,557080,"ASE_00010.txt",316,82,Yes,352808,316,13800.0,137387653
"ASE_00006.txt",309,93,Yes,557080,"ASE_00011.txt",294,85,Yes,231920,309,6112.0,154356273
"ASE_00006.txt",309,93,Yes,557080,"ASE_00012.txt",385,123,Yes,320201,385,12552.0,232550739
"ASE_00006.txt",309,93,Yes,557080,"ASE_00013.txt",294,85,Yes,130920,309,6112.0,145854184
"ASE_00006.txt",309,93,Yes,557080,"ASE_00014.txt",330,106,Yes,247389,330,15336.0,210922514
"ASE_00006.txt",309,93,Yes,557080,"ASE_00015.txt",294,85,Yes,219466,309,6112.0,150488525
"ASE_00006.txt",309,93,Yes,557080,"ASE_00016.txt",364,61,Yes,133381,364,10400.0,104348699
"ASE_00006.txt",309,93,Yes,557080,"ASE_00017.txt",320,64,Yes,203989,320,9103.0,111986373
"ASE_00006.txt",309,93,Yes,557080,"ASE_00018.txt",402,134,Yes,448685,402,13045.0,236501930
"ASE_00006.txt",309,93,Yes,557080,"ASE_00019.txt",294,85,Yes,145979,309,6112.0,149377518
"ASE_00006.txt",309,93,Yes,557080,"ASE_00020.txt",385,126,Yes,244332,385,11152.0,224399590
"ASE_00007.txt",346,110,Yes,5535412,"ASE_00008.txt",344,110,Yes,7503952,346,0.0,266560868
"ASE_00007.txt",346,110,Yes,5535412,"ASE_00009.txt",229,67,Yes,265758,346,11408.0,138680090
"ASE_00007.txt",346,110,Yes,5535412,"ASE_00010.txt",316,82,Yes,352808,346,15800.0,165059217
"ASE_00007.txt",346,110,Yes,5535412,"ASE_00011.txt",294,85,Yes,231920,346,5000.0,190999724
"ASE_00007.txt",346,110,Yes,5535412,"ASE_00012.txt",385,123,Yes,320201,385,2740.0,257042486
"ASE_00007.txt",346,110,Yes,5535412,"ASE_00013.txt",294,85,Yes,130920,346,5000.0,201989378
"ASE_00007.txt",346,110,Yes,5535412,"ASE_00014.txt",330,106,Yes,247389,346,7932.0,279631642
"ASE_00007.txt",346,110,Yes,5535412,"ASE_00015.txt",294,85,Yes,219466,346,5000.0,227795534
"ASE_00007.txt",346,110,Yes,5535412,"ASE_00016.txt",364,61,Yes,133381,364,17700.0,142749093
"ASE_00007.txt",346,110,Yes,5535412,"ASE_00017.txt",320,64,Yes,203989,346,12124.0,132188441
"ASE_00007.txt",346,110,Yes,5535412,"ASE_00018.txt",402,134,Yes,448685,402,4836.0,295312915
"ASE_00007.txt",346,110,Yes,5535412,"ASE_00019.txt",294,85,Yes,145979,346,5000.0,200663682
"ASE_00007.txt",346,110,Yes,5535412,"ASE_00020.txt",385,126,Yes,244332,385,13040.0,269080749
"ASE_00008.txt",344,110,Yes,7503952,"ASE_00009.txt",229,67,Yes,265758,344,11408.0,166273686
"ASE_00008.txt",344,110,Yes,7503952,"ASE_00010.txt",316,82,Yes,352808,344,15800.0,204527320
"ASE_00008.txt",344,110,Yes,7503952,"ASE_00011.txt",294,85,Yes,231920,344,5000.0,205871653
"ASE_00008.txt",344,110,Yes,7503952,"ASE_00012.txt",385,123,Yes,320201,385,2740.0,264868754
"ASE_00008.txt",344,110,Yes,7503952,"ASE_00013.txt",294,85,Yes,130920,344,5000.0,187581739
"ASE_00008.txt",344,110,Yes,7503952,"ASE_00014.txt",330,106,Yes,247389,344,7932.0,267067542
"ASE_00008.txt",344,110,Yes,7503952,"ASE_00015.txt",294,85,Yes,219466,344,5000.0,205169887
"ASE_00008.txt",344,110,Yes,7503952,"ASE_00016.txt",364,61,Yes,133381,364,17700.0,130235538
"ASE_00008.txt",344,110,Yes,7503952,"ASE_00017.txt",320,64,Yes,203989,344,12124.0,139415011
"ASE_00008.txt",344,110,Yes,7503952,"ASE_00018.txt",402,134,Yes,448685,402,4836.0,306538233
"ASE_00008.txt",344,110,Yes,7503952,"ASE_00019.txt",294,85,Yes,145979,344,5000.0,176242456
"ASE_00008.txt",344,110,Yes,7503952,"ASE_00020.txt",385,126,Yes,244332,385,13040.0,276742921
"ASE_00009.txt",229,67,Yes,265758,"ASE_00010.txt",316,82,Yes,352808,316,11800.0,100385480
"ASE_00009.txt",229,67,Yes,265758,"ASE_00011.txt",294,85,Yes,231920,294,8616.0,106715806
"ASE_00009.txt",229,67,Yes,265758,"ASE_00012.txt",385,123,Yes,320201,385,12708.0,161705268
"ASE_00009.txt",229,67,Yes,265758,"ASE_00013.txt",294,85,Yes,130920,294,8616.0,105824210
"ASE_00009.txt",229,67,Yes,265758,"ASE_00014.txt",330,106,Yes,247389,330,9000.0,143665934
"ASE_00009.txt",229,67,Yes,265758,"ASE_00015.txt",294,85,Yes,219466,294,8616.0,125739994
"ASE_00009.txt",229,67,Yes,265758,"ASE_00016.txt",364,61,Yes,133381,364,12000.0,90444076
"ASE_00009.txt",229,67,Yes,265758,"ASE_00017.txt",320,64,Yes,203989,320,8916.0,114315674
"ASE_00009.txt",229,67,Yes,265758,"ASE_00018.txt",402,134,Yes,448685,402,16208.0,187825056
"ASE_00009.txt",229,67,Yes,265758,"ASE_00019.txt",294,85,Yes,145979,294,8616.0,144223731
"ASE_00009.txt",229,67,Yes,265758,"ASE_00020.txt",385,126,Yes,244332,385,14108.0,158779357
"ASE_00010.txt",316,82,Yes,352808,"ASE_00011.txt",294,85,Yes,231920,316,11400.0,129084235
"ASE_00010.txt",316,82,Yes,352808,"ASE_00012.txt",385,123,Yes,320201,385,16100.0,199553436
"ASE_00010.txt",316,82,Yes,352808,"ASE_00013.txt",294,85,Yes,130920,316,11400.0,141154242
"ASE_00010.txt",316,82,Yes,352808,"ASE_00014.txt",330,106,Yes,247389,330,16300.0,161602551
"ASE_00010.txt",316,82,Yes,352808,"ASE_00015.txt",294,85,Yes,219466,316,11400.0,127096125
"ASE_00010.txt",316,82,Yes,352808,"ASE_00016.txt",364,61,Yes,133381,364,10500.0,89090764
"ASE_00010.txt",316,82,Yes,352808,"ASE_00017.txt",320,64,Yes,203989,320,8200.0,98721934
"ASE_00010.txt",316,82,Yes,352808,"ASE_00018.txt",402,134,Yes,448685,402,17200.0,221235548
"ASE_00010.txt",316,82,Yes,352808,"ASE_00019.txt",294,85,Yes,145979,316,11400.0,124549416
"ASE_00010.txt",316,82,Yes,352808,"ASE_00020.txt",385,126,Yes,244332,385,17300.0,191379051
"ASE_00011.txt",294,85,Yes,231920,"ASE_00012.txt",385,123,Yes,320201,385,7740.0,197642196
"ASE_00011.txt",294,85,Yes,231920,"ASE_00013.txt",294,85,Yes,130920,294,0.0,132203845
"ASE_00011.txt",294,85,Yes,231920,"ASE_00014.txt",330,106,Yes,247389,330,12426.0,187605534
"ASE_00011.txt",294,85,Yes,231920,"ASE_00015.txt",294,85,Yes,219466,294,0.0,139132963
"ASE_00011.txt",294,85,Yes,231920,"ASE_00016.txt",364,61,Yes,133381,364,12700.0,98606897
"ASE_00011.txt",294,85,Yes,231920,"ASE_00017.txt",320,64,Yes,203989,320,9600.0,117628581
"ASE_00011.txt",294,85,Yes,231920,"ASE_00018.txt",402,134,Yes,448685,402,9836.0,217451818
"ASE_00011.txt",294,85,Yes,231920,"ASE_00019.txt",294,85,Yes,145979,294,0.0,133295496
"ASE_00011.txt",294,85,Yes,231920,"ASE_00020.txt",385,126,Yes,244332,385,8340.0,211315087
"ASE_00012.txt",385,123,Yes,320201,"ASE_00013.txt",294,85,Yes,130920,385,7740.0,196461317
"ASE_00012.txt",385,123,Yes,320201,"ASE_00014.txt",330,106,Yes,247389,385,8524.0,255773587
"ASE_00012.txt",385,123,Yes,320201,"ASE_00015.txt",294,85,Yes,219466,385,7740.0,195544394
"ASE_00012.txt",385,123,Yes,320201,"ASE_00016.txt",364,61,Yes,133381,385,17600.0,141898784
"ASE_00012.txt",385,123,Yes,320201,"ASE_00017.txt",320,64,Yes,203989,385,13024.0,152555435
"ASE_00012.txt",385,123,Yes,320201,"ASE_00018.txt",402,134,Yes,448685,402,3507.0,334235366
"ASE_00012.txt",385,123,Yes,320201,"ASE_00019.txt",294,85,Yes,145979,385,7740.0,206828602
"ASE_00012.txt",385,123,Yes,320201,"ASE_00020.txt",385,126,Yes,244332,385,11800.0,335296960
"ASE_00013.txt",294,85,Yes,130920,"ASE_00014.txt",330,106,Yes,247389,330,12426.0,171852705
"ASE_00013.txt",294,85,Yes,130920,"ASE_00015.txt",294,85,Yes,219466,294,0.0,138686661
"ASE_00013.txt",294,85,Yes,130920,"ASE_00016.txt",364,61,Yes,133381,364,12700.0,96965976
"ASE_00013.txt",294,85,Yes,130920,"ASE_00017.txt",320,64,Yes,203989,320,9600.0,103627454
"ASE_00013.txt",294,85,Yes,130920,"ASE_00018.txt",402,134,Yes,448685,402,9836.0,237575519
"ASE_00013.txt",294,85,Yes,130920,"ASE_00019.txt",294,85,Yes,145979,294,0.0,133783742
"ASE_00013.txt",294,85,Yes,130920,"ASE_00020.txt",385,126,Yes,244332,385,8340.0,249609585
"ASE_00014.txt",330,106,Yes,247389,"ASE_00015.txt",294,85,Yes,219466,330,12426.0,185843858
"ASE_00014.txt",330,106,Yes,247389,"ASE_00016.txt",364,61,Yes,133381,364,19100.0,126969689
"ASE_00014.txt",330,106,Yes,247389,"ASE_00017.txt",320,64,Yes,203989,330,12116.0,164379744
"ASE_00014.txt",330,106,Yes,247389,"ASE_00018.txt",402,134,Yes,448685,402,11022.0,311072716
"ASE_00014.txt",330,106,Yes,247389,"ASE_00019.txt",294,85,Yes,145979,330,12426.0,189090341
"ASE_00014.txt",330,106,Yes,247389,"ASE_00020.txt",385,126,Yes,244332,385,15009.0,256706062
"ASE_00015.txt",294,85,Yes,219466,"ASE_00016.txt",364,61,Yes,133381,364,12700.0,105922595
"ASE_00015.txt",294,85,Yes,219466,"ASE_00017.txt",320,64,Yes,203989,320,9600.0,102814502
"ASE_00015.txt",294,85,Yes,219466,"ASE_00018.txt",402,134,Yes,448685,402,9836.0,217584966
"ASE_00015.txt",294,85,Yes,219466,"ASE_00019.txt",294,85,Yes,145979,294,0.0,149958104
"ASE_00015.txt",294,85,Yes,219466,"ASE_00020.txt",385,126,Yes,244332,385,8340.0,205298313
"ASE_00016.txt",364,61,Yes,133381,"ASE_00017.txt",320,64,Yes,203989,364,11100.0,70584183
"ASE_00016.txt",364,61,Yes,133381,"ASE_00018.txt",402,134,Yes,448685,402,20000.0,166363426
"ASE_00016.txt",364,61,Yes,133381,"ASE_00019.txt",294,85,Yes,145979,364,12700.0,97066565
"ASE_00016.txt",364,61,Yes,133381,"ASE_00020.txt",385,126,Yes,244332,385,18200.0,140922835
"ASE_00017.txt",320,64,Yes,203989,"ASE_00018.txt",402,134,Yes,448685,402,14824.0,178924986
"ASE_00017.txt",320,64,Yes,203989,"ASE_00019.txt",294,85,Yes,145979,320,9600.0,101572344
"ASE_00017.txt",320,64,Yes,203989,"ASE_00020.txt",385,126,Yes,244332,385,17810.0,149983921
"ASE_00018.txt",402,134,Yes,448685,"ASE_00019.txt",294,85,Yes,145979,402,9836.0,230421244
"ASE_00018.txt",402,134,Yes,448685,"ASE_00020.txt",385,126,Yes,244332,402,14507.0,319928391
"ASE_00019.txt",294,85,Yes,145979,"ASE_00020.txt",385,126,Yes,244332,385,8340.0,202270893
